-- MySQL dump 10.16  Distrib 10.1.40-MariaDB, for debian-linux-gnu (x86_64)
--
-- Host: localhost    Database: lava_tour
-- ------------------------------------------------------
-- Server version	10.1.40-MariaDB-0ubuntu0.18.04.1

/*!40101 SET @OLD_CHARACTER_SET_CLIENT=@@CHARACTER_SET_CLIENT */;
/*!40101 SET @OLD_CHARACTER_SET_RESULTS=@@CHARACTER_SET_RESULTS */;
/*!40101 SET @OLD_COLLATION_CONNECTION=@@COLLATION_CONNECTION */;
/*!40101 SET NAMES utf8mb4 */;
/*!40103 SET @OLD_TIME_ZONE=@@TIME_ZONE */;
/*!40103 SET TIME_ZONE='+00:00' */;
/*!40014 SET @OLD_UNIQUE_CHECKS=@@UNIQUE_CHECKS, UNIQUE_CHECKS=0 */;
/*!40014 SET @OLD_FOREIGN_KEY_CHECKS=@@FOREIGN_KEY_CHECKS, FOREIGN_KEY_CHECKS=0 */;
/*!40101 SET @OLD_SQL_MODE=@@SQL_MODE, SQL_MODE='NO_AUTO_VALUE_ON_ZERO' */;
/*!40111 SET @OLD_SQL_NOTES=@@SQL_NOTES, SQL_NOTES=0 */;

--
-- Table structure for table `attendance`
--

DROP TABLE IF EXISTS `attendance`;
/*!40101 SET @saved_cs_client     = @@character_set_client */;
/*!40101 SET character_set_client = utf8 */;
CREATE TABLE `attendance` (
  `id` int(10) unsigned NOT NULL AUTO_INCREMENT,
  `name` varchar(255) COLLATE utf8mb4_unicode_ci NOT NULL,
  `bagian_id` int(10) unsigned NOT NULL,
  `hari_1` char(255) COLLATE utf8mb4_unicode_ci DEFAULT NULL,
  `time_1` datetime DEFAULT NULL,
  `hari_2` char(255) COLLATE utf8mb4_unicode_ci DEFAULT NULL,
  `time_2` datetime DEFAULT NULL,
  `hari_3` char(255) COLLATE utf8mb4_unicode_ci DEFAULT NULL,
  `time_3` datetime DEFAULT NULL,
  `lava_tour` varchar(255) COLLATE utf8mb4_unicode_ci DEFAULT NULL,
  `created_at` timestamp NULL DEFAULT NULL,
  `updated_at` timestamp NULL DEFAULT NULL,
  `no_meja` varchar(11) COLLATE utf8mb4_unicode_ci DEFAULT NULL,
  `email` varchar(100) COLLATE utf8mb4_unicode_ci DEFAULT NULL,
  `tlp` varchar(15) COLLATE utf8mb4_unicode_ci DEFAULT NULL,
  PRIMARY KEY (`id`),
  KEY `bagian_id` (`bagian_id`),
  CONSTRAINT `attendance_ibfk_1` FOREIGN KEY (`bagian_id`) REFERENCES `bagian` (`id`)
) ENGINE=InnoDB AUTO_INCREMENT=144 DEFAULT CHARSET=utf8mb4 COLLATE=utf8mb4_unicode_ci;
/*!40101 SET character_set_client = @saved_cs_client */;

--
-- Dumping data for table `attendance`
--

LOCK TABLES `attendance` WRITE;
/*!40000 ALTER TABLE `attendance` DISABLE KEYS */;
INSERT INTO `attendance` VALUES (1,'Prasetyadi',23,NULL,NULL,NULL,NULL,NULL,NULL,NULL,'2019-07-28 18:53:35','2019-07-28 18:53:35','3',NULL,NULL),(2,'Guna Mulyana',23,NULL,NULL,NULL,NULL,NULL,NULL,NULL,'2019-07-28 18:54:40','2019-07-28 18:54:40','3',NULL,NULL),(3,'Agung Fitrianto',23,NULL,NULL,NULL,NULL,NULL,NULL,NULL,'2019-07-28 18:55:01','2019-07-28 18:55:01','5',NULL,NULL),(4,'Chepy',23,NULL,NULL,NULL,NULL,NULL,NULL,NULL,'2019-07-28 18:55:34','2019-07-28 18:55:34','4',NULL,NULL),(5,'Maulana',23,NULL,NULL,NULL,NULL,NULL,NULL,NULL,'2019-07-28 19:01:23','2019-07-28 19:01:23','free',NULL,NULL),(6,'Rahma',23,NULL,NULL,NULL,NULL,NULL,NULL,NULL,'2019-07-28 19:01:52','2019-07-28 19:01:52','free',NULL,NULL),(7,'Meilinda',23,NULL,NULL,NULL,NULL,NULL,NULL,NULL,'2019-07-28 19:02:09','2019-07-28 19:02:09','free',NULL,NULL),(8,'Imam R',23,NULL,NULL,NULL,NULL,NULL,NULL,NULL,'2019-07-28 19:02:38','2019-07-28 19:02:38','4',NULL,NULL),(9,'Hermana',23,NULL,NULL,NULL,NULL,NULL,NULL,NULL,'2019-07-28 19:02:54','2019-07-28 19:02:54','6',NULL,NULL),(10,'Didi',23,NULL,NULL,NULL,NULL,NULL,NULL,NULL,'2019-07-28 19:04:26','2019-07-28 19:04:26','free',NULL,NULL),(11,'Fendy',23,NULL,NULL,NULL,NULL,NULL,NULL,NULL,'2019-07-28 19:05:26','2019-07-28 19:05:26','free',NULL,NULL),(12,'Sofwan',23,NULL,NULL,NULL,NULL,NULL,NULL,NULL,'2019-07-28 19:06:23','2019-07-28 19:06:23','free',NULL,NULL),(13,'Nubhan',23,NULL,NULL,NULL,NULL,NULL,NULL,NULL,'2019-07-28 19:06:44','2019-07-28 19:06:44','free',NULL,NULL),(14,'Dimas',23,NULL,NULL,NULL,NULL,NULL,NULL,NULL,'2019-07-28 19:07:01','2019-07-28 19:07:01','free',NULL,NULL),(15,'Bakti',23,NULL,NULL,NULL,NULL,NULL,NULL,NULL,'2019-07-28 19:07:16','2019-07-28 19:07:16','free',NULL,NULL),(16,'Idham',23,NULL,NULL,NULL,NULL,NULL,NULL,NULL,'2019-07-28 19:08:03','2019-07-28 19:08:03','free',NULL,NULL),(17,'Nurma',23,NULL,NULL,NULL,NULL,NULL,NULL,NULL,'2019-07-28 19:08:19','2019-07-28 19:08:19','free',NULL,NULL),(18,'Bambang',23,NULL,NULL,NULL,NULL,NULL,NULL,NULL,'2019-07-28 19:09:02','2019-07-28 19:09:02','11',NULL,NULL),(19,'Peni',23,NULL,NULL,NULL,NULL,NULL,NULL,NULL,'2019-07-28 19:09:20','2019-07-28 19:09:20','free',NULL,NULL),(20,'Resa',23,NULL,NULL,NULL,NULL,NULL,NULL,NULL,'2019-07-28 19:09:44','2019-07-28 19:09:44','free',NULL,NULL),(21,'Nunu',23,NULL,NULL,NULL,NULL,NULL,NULL,NULL,'2019-07-28 19:10:15','2019-07-28 19:10:15','3',NULL,NULL),(22,'R. Mulyadi',23,NULL,NULL,NULL,NULL,NULL,NULL,NULL,'2019-07-28 19:10:32','2019-07-28 19:10:32','6',NULL,NULL),(23,'Syafaruddin Jamil',23,NULL,NULL,NULL,NULL,NULL,NULL,NULL,'2019-07-28 19:10:48','2019-07-28 19:10:48','free',NULL,NULL),(24,'Feri WIbowo',23,NULL,NULL,NULL,NULL,NULL,NULL,NULL,'2019-07-28 19:12:48','2019-07-28 19:12:48','free',NULL,NULL),(25,'Dendi Setyowibowo',23,NULL,NULL,NULL,NULL,NULL,NULL,NULL,'2019-07-28 19:13:18','2019-07-28 19:13:18','free',NULL,NULL),(26,'Luqman Muttaqin',23,NULL,NULL,NULL,NULL,NULL,NULL,NULL,'2019-07-28 19:15:49','2019-07-28 19:15:49','free',NULL,NULL),(27,'Donald',23,NULL,NULL,NULL,NULL,NULL,NULL,NULL,'2019-07-28 19:16:04','2019-07-28 19:16:04','9',NULL,NULL),(28,'Rizki Reynaldo',23,NULL,NULL,NULL,NULL,NULL,NULL,NULL,'2019-07-28 19:16:20','2019-07-28 19:16:20','free',NULL,NULL),(29,'Fauziazzuhry Rahadian',23,NULL,NULL,NULL,NULL,NULL,NULL,NULL,'2019-07-28 19:20:59','2019-07-28 19:20:59','free',NULL,NULL),(30,'Ibnu Alam',23,NULL,NULL,NULL,NULL,NULL,NULL,NULL,'2019-07-28 19:21:12','2019-07-28 19:21:12','free',NULL,NULL),(31,'Bombom',23,NULL,NULL,NULL,NULL,NULL,NULL,NULL,'2019-07-28 19:21:31','2019-07-28 19:21:31','9',NULL,NULL),(32,'Ryan Permana',23,NULL,NULL,NULL,NULL,NULL,NULL,NULL,'2019-07-28 19:21:48','2019-07-28 19:21:48','free',NULL,NULL),(33,'Medio Trihutama',23,NULL,NULL,NULL,NULL,NULL,NULL,NULL,'2019-07-28 19:22:07','2019-07-28 19:22:07','free',NULL,NULL),(34,'Ahmad Makmun',23,NULL,NULL,NULL,NULL,NULL,NULL,NULL,'2019-07-28 19:29:38','2019-07-28 19:29:38','free',NULL,NULL),(35,'M. Iqbal',23,NULL,NULL,NULL,NULL,NULL,NULL,NULL,'2019-07-28 19:29:56','2019-07-28 19:29:56','1',NULL,NULL),(36,'Santoso',23,NULL,NULL,NULL,NULL,NULL,NULL,NULL,'2019-07-28 19:30:08','2019-07-28 19:30:08','6',NULL,NULL),(37,'Vega',23,NULL,NULL,NULL,NULL,NULL,NULL,NULL,'2019-07-28 19:30:30','2019-07-28 19:30:30','free',NULL,NULL),(38,'Wawan Pujianto',23,NULL,NULL,NULL,NULL,NULL,NULL,NULL,'2019-07-28 19:30:53','2019-07-28 19:30:53','10',NULL,NULL),(39,'Adi P',23,NULL,NULL,NULL,NULL,NULL,NULL,NULL,'2019-07-28 19:31:13','2019-07-28 19:31:13','12',NULL,NULL),(40,'Ludfi',23,NULL,NULL,NULL,NULL,NULL,NULL,NULL,'2019-07-28 19:34:17','2019-07-28 19:34:17','free',NULL,NULL),(41,'Resky',23,NULL,NULL,NULL,NULL,NULL,NULL,NULL,'2019-07-28 19:34:34','2019-07-28 19:34:34','free',NULL,NULL),(42,'Rio Lasse',23,NULL,NULL,NULL,NULL,NULL,NULL,NULL,'2019-07-28 19:34:45','2019-07-28 19:34:45','2',NULL,NULL),(43,'Bobby',23,NULL,NULL,NULL,NULL,NULL,NULL,NULL,'2019-07-28 19:35:02','2019-07-28 19:35:02','7',NULL,NULL),(44,'Diko',23,NULL,NULL,NULL,NULL,NULL,NULL,NULL,'2019-07-28 19:36:26','2019-07-28 19:36:26','14',NULL,NULL),(45,'Budi Pratomo',23,NULL,NULL,NULL,NULL,NULL,NULL,NULL,'2019-07-28 19:37:14','2019-07-28 19:37:14','13',NULL,NULL),(46,'Mujianto',23,NULL,NULL,NULL,NULL,NULL,NULL,NULL,'2019-07-28 19:37:37','2019-07-28 19:37:37','1',NULL,NULL),(47,'Ikhwanoel',23,NULL,NULL,NULL,NULL,NULL,NULL,NULL,'2019-07-28 19:39:45','2019-07-28 19:39:45','5',NULL,NULL),(48,'Rizqi',23,NULL,NULL,NULL,NULL,NULL,NULL,NULL,'2019-07-28 19:39:58','2019-07-28 19:39:58','free',NULL,NULL),(49,'Siti DJ',23,NULL,NULL,NULL,NULL,NULL,NULL,NULL,'2019-07-28 19:40:54','2019-07-28 19:40:54','free',NULL,NULL),(50,'R Apriyanto',23,NULL,NULL,NULL,NULL,NULL,NULL,NULL,'2019-07-28 19:41:13','2019-07-28 19:41:13','free',NULL,NULL),(51,'Juli Tarigan',23,NULL,NULL,NULL,NULL,NULL,NULL,NULL,'2019-07-28 19:41:27','2019-07-28 19:41:27','1',NULL,NULL),(52,'Riawan Raden',23,NULL,NULL,NULL,NULL,NULL,NULL,NULL,'2019-07-28 19:41:43','2019-07-28 19:41:43','1',NULL,NULL),(53,'Suparjo',1,NULL,NULL,NULL,NULL,NULL,NULL,NULL,'2019-07-28 19:46:55','2019-07-28 19:46:55','3',NULL,NULL),(54,'Budi Utoyo',1,NULL,NULL,NULL,NULL,NULL,NULL,NULL,'2019-07-28 19:47:11','2019-07-28 19:47:11','10',NULL,NULL),(55,'Teddy Gunawan',1,NULL,NULL,NULL,NULL,NULL,NULL,NULL,'2019-07-28 19:47:39','2019-07-28 19:47:39','8',NULL,NULL),(56,'Yulius Nurdin',1,NULL,NULL,NULL,NULL,NULL,NULL,NULL,'2019-07-28 19:48:22','2019-07-28 19:48:22','7',NULL,NULL),(57,'Sukaca',1,NULL,NULL,NULL,NULL,NULL,NULL,NULL,'2019-07-28 19:48:48','2019-07-28 19:48:48','13',NULL,NULL),(58,'Riswanto',1,NULL,NULL,NULL,NULL,NULL,NULL,NULL,'2019-07-28 19:49:10','2019-07-28 19:49:10','12',NULL,NULL),(59,'Nurhakim',1,NULL,NULL,NULL,NULL,NULL,NULL,NULL,'2019-07-28 19:59:30','2019-07-28 19:59:30','13',NULL,NULL),(60,'Edy Sofyan',1,NULL,NULL,NULL,NULL,NULL,NULL,NULL,'2019-07-28 19:59:48','2019-07-28 19:59:48','14',NULL,NULL),(61,'Drajat Sulistyo',2,NULL,NULL,NULL,NULL,NULL,NULL,NULL,'2019-07-28 20:03:13','2019-07-28 20:03:13','2',NULL,NULL),(62,'Budi Daryono',2,NULL,NULL,NULL,NULL,NULL,NULL,NULL,'2019-07-28 20:03:32','2019-07-28 20:03:32','13',NULL,NULL),(63,'Budi Waluyo',2,NULL,NULL,NULL,NULL,NULL,NULL,NULL,'2019-07-28 20:03:49','2019-07-28 20:03:49','7',NULL,NULL),(64,'Andika Firdaus',2,NULL,NULL,NULL,NULL,NULL,NULL,NULL,'2019-07-28 20:04:08','2019-07-28 20:04:08','14',NULL,NULL),(65,'Agus Edi Santoso',3,NULL,NULL,NULL,NULL,NULL,NULL,NULL,'2019-07-28 20:04:30','2019-07-28 20:04:30','2',NULL,NULL),(66,'Darmawi',3,NULL,NULL,NULL,NULL,NULL,NULL,NULL,'2019-07-28 20:04:53','2019-07-28 20:04:53','9',NULL,NULL),(67,'Adi Saputra',3,NULL,NULL,NULL,NULL,NULL,NULL,NULL,'2019-07-28 20:05:12','2019-07-28 20:05:12','7',NULL,NULL),(68,'Risdianto Wibowo',3,NULL,NULL,NULL,NULL,NULL,NULL,NULL,'2019-07-28 20:05:28','2019-07-28 20:05:28','13',NULL,NULL),(69,'Frida Ervina',3,NULL,NULL,NULL,NULL,NULL,NULL,NULL,'2019-07-28 20:07:04','2019-07-28 20:07:04','8',NULL,NULL),(70,'Syamsurijal',3,NULL,NULL,NULL,NULL,NULL,NULL,NULL,'2019-07-28 20:07:19','2019-07-28 20:07:19','8',NULL,NULL),(71,'Tofan Indra Permana',3,NULL,NULL,NULL,NULL,NULL,NULL,NULL,'2019-07-28 20:08:08','2019-07-28 20:08:08','11',NULL,NULL),(72,'Sahri Widwiono',3,NULL,NULL,NULL,NULL,NULL,NULL,NULL,'2019-07-28 20:08:44','2019-07-28 20:08:44','10',NULL,NULL),(73,'Suwanda',3,NULL,NULL,NULL,NULL,NULL,NULL,NULL,'2019-07-28 20:09:07','2019-07-28 20:09:07','11',NULL,NULL),(74,'Adi Sugiri',4,NULL,NULL,NULL,NULL,NULL,NULL,NULL,'2019-07-28 20:19:41','2019-07-28 20:19:41','3',NULL,NULL),(75,'Afif Somadi',4,NULL,NULL,NULL,NULL,NULL,NULL,NULL,'2019-07-28 20:19:55','2019-07-28 20:19:55','11',NULL,NULL),(76,'Amin Agung',4,NULL,NULL,NULL,NULL,NULL,NULL,NULL,'2019-07-28 20:20:08','2019-07-28 20:20:08','10',NULL,NULL),(77,'Mustafa',4,NULL,NULL,NULL,NULL,NULL,NULL,NULL,'2019-07-28 20:20:23','2019-07-28 20:20:23','6',NULL,NULL),(78,'anton wisnu prabowo',4,NULL,NULL,NULL,NULL,NULL,NULL,NULL,'2019-07-28 20:20:40','2019-07-28 20:20:40','7',NULL,NULL),(79,'Wardoyo',5,NULL,NULL,NULL,NULL,NULL,NULL,NULL,'2019-07-28 20:27:12','2019-07-28 20:27:12','5',NULL,NULL),(80,'Irwan ST',5,NULL,NULL,NULL,NULL,NULL,NULL,NULL,'2019-07-28 20:27:23','2019-07-28 20:27:23','11',NULL,NULL),(81,'Aria Ruvino',5,NULL,NULL,NULL,NULL,NULL,NULL,NULL,'2019-07-28 20:27:35','2019-07-28 20:27:35','8',NULL,NULL),(82,'Santoso',5,NULL,NULL,NULL,NULL,NULL,NULL,NULL,'2019-07-28 20:27:53','2019-07-28 20:27:53','6',NULL,NULL),(83,'Meirisal Dwi Waldi',5,NULL,NULL,NULL,NULL,NULL,NULL,NULL,'2019-07-28 20:28:22','2019-07-28 20:28:22','6',NULL,NULL),(84,'Udin mahmudin',6,NULL,NULL,NULL,NULL,NULL,NULL,NULL,'2019-07-28 20:35:19','2019-07-28 20:35:19','4',NULL,NULL),(85,'Denny Sonjaya',6,NULL,NULL,NULL,NULL,NULL,NULL,NULL,'2019-07-28 20:35:36','2019-07-28 20:35:36','8',NULL,NULL),(86,'Deni Nurjaman',6,NULL,NULL,NULL,NULL,NULL,NULL,NULL,'2019-07-28 20:35:53','2019-07-28 20:35:53','9',NULL,NULL),(87,'Agus Hendrianto',7,NULL,NULL,NULL,NULL,NULL,NULL,NULL,'2019-07-28 20:36:10','2019-07-28 20:36:10','5',NULL,NULL),(88,'Hadi Nurmayadi',7,NULL,NULL,NULL,NULL,NULL,NULL,NULL,'2019-07-28 20:36:33','2019-07-28 20:36:33','7',NULL,NULL),(89,'MIftah Fajrisal',7,NULL,NULL,NULL,NULL,NULL,NULL,NULL,'2019-07-28 20:44:40','2019-07-28 20:44:40','10',NULL,NULL),(90,'Joehanes W',7,NULL,NULL,NULL,NULL,NULL,NULL,NULL,'2019-07-28 20:44:50','2019-07-28 20:44:50','12',NULL,NULL),(91,'Efri Budi Ismaya',7,NULL,NULL,NULL,NULL,NULL,NULL,NULL,'2019-07-28 20:45:01','2019-07-28 20:45:01','10',NULL,NULL),(92,'Rizwan Nasution',7,NULL,NULL,NULL,NULL,NULL,NULL,NULL,'2019-07-28 20:45:19','2019-07-28 20:45:19','14',NULL,NULL),(93,'Reini Delfianti',8,NULL,NULL,NULL,NULL,NULL,NULL,NULL,'2019-07-28 20:45:33','2019-07-28 20:45:33','1',NULL,NULL),(94,'Hery Irwana',8,NULL,NULL,NULL,NULL,NULL,NULL,NULL,'2019-07-28 20:45:52','2019-07-28 20:45:52','6',NULL,NULL),(95,'Felencia Novita Gasperz',8,NULL,NULL,NULL,NULL,NULL,NULL,NULL,'2019-07-28 20:46:08','2019-07-28 20:46:08','9',NULL,NULL),(96,'Indri Andriani',8,NULL,NULL,NULL,NULL,NULL,NULL,NULL,'2019-07-28 20:47:09','2019-07-28 20:47:09','15',NULL,NULL),(97,'Sandha Trisharjantho',9,NULL,NULL,NULL,NULL,NULL,NULL,NULL,'2019-07-28 20:47:25','2019-07-28 20:47:25','4',NULL,NULL),(98,'Aan sukwinandi',9,NULL,NULL,NULL,NULL,NULL,NULL,NULL,'2019-07-28 20:47:44','2019-07-28 20:47:44','14',NULL,NULL),(99,'Fredy Angriawan',9,NULL,NULL,NULL,NULL,NULL,NULL,NULL,'2019-07-28 20:48:42','2019-07-28 20:48:42','13',NULL,NULL),(100,'Nurkholis Lukman',10,NULL,NULL,NULL,NULL,NULL,NULL,NULL,'2019-07-28 20:48:57','2019-07-28 20:48:57','3',NULL,NULL),(101,'Lukman',10,NULL,NULL,NULL,NULL,NULL,NULL,NULL,'2019-07-28 20:49:10','2019-07-28 20:49:10','12',NULL,NULL),(102,'Nandarsatri',10,NULL,NULL,NULL,NULL,NULL,NULL,NULL,'2019-07-28 20:49:27','2019-07-28 20:49:27','8',NULL,NULL),(103,'Frenda',10,NULL,NULL,NULL,NULL,NULL,NULL,NULL,'2019-07-28 20:49:42','2019-07-28 20:49:42','7',NULL,NULL),(104,'Nugroho Iwan',11,NULL,NULL,NULL,NULL,NULL,NULL,NULL,'2019-07-28 20:50:47','2019-07-28 20:50:47','2',NULL,NULL),(105,'Nosep',11,NULL,NULL,NULL,NULL,NULL,NULL,NULL,'2019-07-28 20:51:00','2019-07-28 20:51:00','8',NULL,NULL),(106,'Taufiq',11,NULL,NULL,NULL,NULL,NULL,NULL,NULL,'2019-07-28 20:54:43','2019-07-28 20:54:43','7',NULL,NULL),(107,'Yossianis',12,NULL,NULL,NULL,NULL,NULL,NULL,NULL,'2019-07-28 20:54:54','2019-07-28 20:54:54','1',NULL,NULL),(108,'Muqham Elsafad',12,NULL,NULL,NULL,NULL,NULL,NULL,NULL,'2019-07-28 20:55:14','2019-07-28 20:55:14','12',NULL,NULL),(110,'Andi Isnov',13,NULL,NULL,NULL,NULL,NULL,NULL,NULL,'2019-07-28 21:00:29','2019-07-28 21:00:29','2',NULL,NULL),(111,'Agoes Soeryanto',13,NULL,NULL,NULL,NULL,NULL,NULL,NULL,'2019-07-28 21:00:42','2019-07-28 21:00:42','4',NULL,NULL),(112,'Dicky santosa',13,NULL,NULL,NULL,NULL,NULL,NULL,NULL,'2019-07-28 21:00:57','2019-07-28 21:00:57','5',NULL,NULL),(113,'M. Adji',14,NULL,NULL,NULL,NULL,NULL,NULL,NULL,'2019-07-28 21:01:11','2019-07-28 21:01:11','2',NULL,NULL),(114,'Arif',14,NULL,NULL,NULL,NULL,NULL,NULL,NULL,'2019-07-28 21:01:31','2019-07-28 21:01:31','5',NULL,NULL),(115,'Sarkani',14,NULL,NULL,NULL,NULL,NULL,NULL,NULL,'2019-07-28 21:08:21','2019-07-28 21:08:21','9',NULL,NULL),(116,'Dadan Wardana',14,NULL,NULL,NULL,NULL,NULL,NULL,NULL,'2019-07-28 21:08:39','2019-07-28 21:08:39','13',NULL,NULL),(117,'Rizky delfianto',14,NULL,NULL,NULL,NULL,NULL,NULL,NULL,'2019-07-28 21:08:51','2019-07-28 21:08:51','10',NULL,NULL),(118,'Gunta Prabawa',15,NULL,NULL,NULL,NULL,NULL,NULL,NULL,'2019-07-28 21:09:07','2019-07-28 21:09:07','5',NULL,NULL),(119,'Budi Cahyono',15,NULL,NULL,NULL,NULL,NULL,NULL,NULL,'2019-07-28 21:09:18','2019-07-28 21:09:18','2',NULL,NULL),(120,'Thava Palasanthiran',15,NULL,NULL,NULL,NULL,NULL,NULL,NULL,'2019-07-28 21:14:16','2019-07-28 21:14:16','5',NULL,NULL),(121,'Ario Alieth',15,NULL,NULL,NULL,NULL,NULL,NULL,NULL,'2019-07-28 21:14:29','2019-07-28 21:14:29','6',NULL,NULL),(122,'Sigit Suparto',15,NULL,NULL,NULL,NULL,NULL,NULL,NULL,'2019-07-28 21:14:45','2019-07-28 21:14:45','12',NULL,NULL),(123,'Aries Sulistyo',15,NULL,NULL,NULL,NULL,NULL,NULL,NULL,'2019-07-28 21:14:57','2019-07-28 21:14:57','8',NULL,NULL),(124,'Yogi Jembar Nugraha',15,NULL,NULL,NULL,NULL,NULL,NULL,NULL,'2019-07-28 21:15:14','2019-07-28 21:15:14','11',NULL,NULL),(125,'Bisma',16,NULL,NULL,NULL,NULL,NULL,NULL,NULL,'2019-07-28 21:15:38','2019-07-28 21:15:38','11',NULL,NULL),(126,'Ade Hartono',17,NULL,NULL,NULL,NULL,NULL,NULL,NULL,'2019-07-28 21:15:54','2019-07-28 21:15:54','10',NULL,NULL),(127,'Chang Ho Song',17,NULL,NULL,NULL,NULL,NULL,NULL,NULL,'2019-07-28 21:16:11','2019-07-28 21:16:11','12',NULL,NULL),(128,'Paulus Cahyandaru',17,NULL,NULL,NULL,NULL,NULL,NULL,NULL,'2019-07-28 21:16:26','2019-07-28 21:16:26','8',NULL,NULL),(129,'Judi Ginta Irawan',17,NULL,NULL,NULL,NULL,NULL,NULL,NULL,'2019-07-28 21:17:02','2019-07-28 21:17:02','8',NULL,NULL),(130,'Syaiful Amin',18,NULL,NULL,NULL,NULL,NULL,NULL,NULL,'2019-07-28 21:35:12','2019-07-28 21:35:12','4',NULL,NULL),(131,'Helmi',19,NULL,NULL,NULL,NULL,NULL,NULL,NULL,'2019-07-28 21:35:34','2019-07-28 21:35:34','2',NULL,NULL),(132,'Budi Setiawan',19,NULL,NULL,NULL,NULL,NULL,NULL,NULL,'2019-07-28 21:35:49','2019-07-28 21:35:49','12',NULL,NULL),(133,'David P Sirait',20,NULL,NULL,NULL,NULL,NULL,NULL,NULL,'2019-07-28 21:36:04','2019-07-28 21:36:04','4',NULL,NULL),(134,'Eko yuliarto',20,NULL,NULL,NULL,NULL,NULL,NULL,NULL,'2019-07-28 21:36:21','2019-07-28 21:36:21','11',NULL,NULL),(135,'Arief Rahman',20,NULL,NULL,NULL,NULL,NULL,NULL,NULL,'2019-07-28 21:36:46','2019-07-28 21:36:46','14',NULL,NULL),(136,'Dawam Atmosudiro',21,NULL,NULL,NULL,NULL,NULL,NULL,NULL,'2019-07-28 21:37:11','2019-07-28 21:37:11','3',NULL,NULL),(137,'Supardi',21,NULL,NULL,NULL,NULL,NULL,NULL,NULL,'2019-07-28 21:37:28','2019-07-28 21:37:28','4',NULL,NULL),(138,'Andi Syah Kadir',21,NULL,NULL,NULL,NULL,NULL,NULL,NULL,'2019-07-28 21:37:48','2019-07-28 21:37:48','14',NULL,NULL),(139,'Imam Subekti',21,NULL,NULL,NULL,NULL,NULL,NULL,NULL,'2019-07-28 21:38:04','2019-07-28 21:38:04','14',NULL,NULL),(140,'Agus Sulistyo',22,NULL,NULL,NULL,NULL,NULL,NULL,NULL,'2019-07-28 21:38:24','2019-07-28 21:38:24','1',NULL,NULL),(141,'Budi Setiawan',22,NULL,NULL,NULL,NULL,NULL,NULL,NULL,'2019-07-28 21:39:24','2019-07-28 21:39:24','15',NULL,NULL),(142,'Chiefy Adi K',24,NULL,NULL,NULL,NULL,NULL,NULL,NULL,'2019-07-28 21:43:43','2019-07-28 21:43:43','1',NULL,NULL),(143,'Ramaedi',25,NULL,NULL,NULL,NULL,NULL,NULL,NULL,'2019-07-28 21:43:57','2019-07-28 21:43:57','3',NULL,NULL);
/*!40000 ALTER TABLE `attendance` ENABLE KEYS */;
UNLOCK TABLES;

--
-- Table structure for table `bagian`
--

DROP TABLE IF EXISTS `bagian`;
/*!40101 SET @saved_cs_client     = @@character_set_client */;
/*!40101 SET character_set_client = utf8 */;
CREATE TABLE `bagian` (
  `id` int(10) unsigned NOT NULL AUTO_INCREMENT,
  `name` varchar(255) COLLATE utf8mb4_unicode_ci NOT NULL,
  `unit_kerja_id` int(10) unsigned NOT NULL,
  `image` varchar(255) COLLATE utf8mb4_unicode_ci DEFAULT NULL,
  `created_at` timestamp NULL DEFAULT NULL,
  `updated_at` timestamp NULL DEFAULT NULL,
  PRIMARY KEY (`id`),
  KEY `unit_kerja_id` (`unit_kerja_id`),
  CONSTRAINT `bagian_ibfk_1` FOREIGN KEY (`unit_kerja_id`) REFERENCES `unit_kerja` (`id`)
) ENGINE=InnoDB AUTO_INCREMENT=26 DEFAULT CHARSET=utf8mb4 COLLATE=utf8mb4_unicode_ci;
/*!40101 SET character_set_client = @saved_cs_client */;

--
-- Dumping data for table `bagian`
--

LOCK TABLES `bagian` WRITE;
/*!40000 ALTER TABLE `bagian` DISABLE KEYS */;
INSERT INTO `bagian` VALUES (1,'Tanjung Priok',2,'IPC_ori.png',NULL,NULL),(2,'Panjang',2,'IPC_ori.png',NULL,NULL),(3,'Palembang',2,'IPC_Palembang.png',NULL,NULL),(4,'Pontianak',2,'IPC_Pontianak.png',NULL,NULL),(5,'Teluk Bayur',2,'IPC_Teluk_bayur.png',NULL,NULL),(6,'Cirebon',2,'IPC_Cirebon.png',NULL,NULL),(7,'Banten',2,'IPC_ori.png',NULL,NULL),(8,'Sunda Kelapa',2,'IPC_sunda_kelapa.png',NULL,NULL),(9,'Jambi',2,'IPC_jambi.png',NULL,NULL),(10,'Bengkulu',2,'IPC_bengkulu.png',NULL,NULL),(11,'Pangkal Balam',2,'IPC_tanjung_balam.png',NULL,NULL),(12,'Tanjung Pandan',2,'IPC_tanjung_pandan.png',NULL,NULL),(13,'PTP',3,'IPC_ori.png',NULL,NULL),(14,'IPC TPK',3,'IPC_TPK.png',NULL,NULL),(15,'JICT',3,'IPC_JICT.png',NULL,NULL),(16,'NPCT1',3,'IPC_NPCT1.png',NULL,NULL),(17,'TPK KOJA',3,'IPC_TPK_KOJA.png',NULL,NULL),(18,'ILCS',3,'IPC_ILCS.png',NULL,NULL),(19,'EDII',3,'IPC_EDII.png',NULL,NULL),(20,'MTI',3,'IPC_MTI.png',NULL,NULL),(21,'JAI',3,'IPC_JAI.png',NULL,NULL),(22,'JPPI',3,'IPC_JPPI.png',NULL,NULL),(23,'Kantor Pusat',1,NULL,NULL,NULL),(24,'IKT',3,NULL,NULL,NULL),(25,'EPI',3,NULL,NULL,NULL);
/*!40000 ALTER TABLE `bagian` ENABLE KEYS */;
UNLOCK TABLES;

--
-- Table structure for table `unit_kerja`
--

DROP TABLE IF EXISTS `unit_kerja`;
/*!40101 SET @saved_cs_client     = @@character_set_client */;
/*!40101 SET character_set_client = utf8 */;
CREATE TABLE `unit_kerja` (
  `id` int(10) unsigned NOT NULL AUTO_INCREMENT,
  `name` varchar(255) COLLATE utf8mb4_unicode_ci NOT NULL,
  `created_at` timestamp NULL DEFAULT NULL,
  `updated_at` timestamp NULL DEFAULT NULL,
  PRIMARY KEY (`id`)
) ENGINE=InnoDB AUTO_INCREMENT=4 DEFAULT CHARSET=utf8mb4 COLLATE=utf8mb4_unicode_ci;
/*!40101 SET character_set_client = @saved_cs_client */;

--
-- Dumping data for table `unit_kerja`
--

LOCK TABLES `unit_kerja` WRITE;
/*!40000 ALTER TABLE `unit_kerja` DISABLE KEYS */;
INSERT INTO `unit_kerja` VALUES (1,'Kantor Pusat',NULL,NULL),(2,'Cabang',NULL,NULL),(3,'Anak Perusahaan',NULL,NULL);
/*!40000 ALTER TABLE `unit_kerja` ENABLE KEYS */;
UNLOCK TABLES;
/*!40103 SET TIME_ZONE=@OLD_TIME_ZONE */;

/*!40101 SET SQL_MODE=@OLD_SQL_MODE */;
/*!40014 SET FOREIGN_KEY_CHECKS=@OLD_FOREIGN_KEY_CHECKS */;
/*!40014 SET UNIQUE_CHECKS=@OLD_UNIQUE_CHECKS */;
/*!40101 SET CHARACTER_SET_CLIENT=@OLD_CHARACTER_SET_CLIENT */;
/*!40101 SET CHARACTER_SET_RESULTS=@OLD_CHARACTER_SET_RESULTS */;
/*!40101 SET COLLATION_CONNECTION=@OLD_COLLATION_CONNECTION */;
/*!40111 SET SQL_NOTES=@OLD_SQL_NOTES */;

-- Dump completed on 2019-07-28 22:40:50
